<?xml version="1.0"?>
<doc>
    <assembly>
        <name>MigrationTools</name>
    </assembly>
    <members>
        <member name="M:MigrationTools.DataContracts.Pipelines.BuildDefinition.ResetObject">
            <inheritdoc/>
        </member>
        <member name="M:MigrationTools.DataContracts.Pipelines.Process.ShouldSerializeYamlFilename">
            <summary>
            If the value is set, then serialize it, if it isn't don't
            </summary>
            <returns>bool on if the YamlFilename should be serialized.</returns>
        </member>
        <member name="M:MigrationTools.DataContracts.Pipelines.Process.ShouldSerializePhases">
            <summary>
            If the type is 1 then this is a classis pipeline, so the phases should be serialized.
            </summary>
            <returns>bool on if the Phases should be serialized.</returns>
        </member>
        <member name="M:MigrationTools.DataContracts.Pipelines.ReleaseDefinition.ResetObject">
            <inheritdoc/>
        </member>
        <member name="M:MigrationTools.DataContracts.RestApiDefinition.ResetObject">
            <summary>
            reset values that cannot be set on new objects
            </summary>
            <returns>The clean RestApiDefinition</returns>
        </member>
        <member name="M:MigrationTools.DataContracts.RestApiDefinition.HasTaskGroups">
            <summary>
            Checks whether the Definition references Taskgroups
            </summary>
            <returns>bool</returns>
        </member>
        <member name="M:MigrationTools.DataContracts.RestApiDefinition.HasVariableGroups">
            <summary>
            Checks whether the Definition references Variablegroups
            </summary>
            <returns>bool</returns>
        </member>
        <member name="T:MigrationTools.EndpointEnrichers.WorkItemAttachmentEnricherOptions">
            <summary>
            Configuration options for the Work Item Attachment Enricher that handles the download, processing, and migration of work item attachments between endpoints.
            </summary>
        </member>
        <member name="P:MigrationTools.EndpointEnrichers.WorkItemAttachmentEnricherOptions.WorkingPath">
            <summary>
            Local file system path used as working directory for downloading and processing attachments during migration. Should have sufficient disk space and proper permissions.
            </summary>
        </member>
        <member name="P:MigrationTools.EndpointEnrichers.WorkItemAttachmentEnricherOptions.MaxSize">
            <summary>
            Maximum size in bytes for attachments that will be processed. Attachments larger than this size will be skipped to prevent performance issues.
            </summary>
        </member>
        <member name="P:MigrationTools.EndpointEnrichers.WorkItemAttachmentEnricherOptions.ToConfigure">
            <summary>
            Gets the type of the enricher that this configuration applies to.
            </summary>
        </member>
        <member name="M:MigrationTools.EndpointEnrichers.WorkItemAttachmentEnricherOptions.SetDefaults">
            <summary>
            Sets the default values for the work item attachment enricher configuration.
            </summary>
        </member>
        <member name="T:MigrationTools.EndpointEnrichers.WorkItemCreatedEnricherOptions">
            <summary>
            Configuration options for the Work Item Created Enricher that preserves original creation metadata when migrating work items between endpoints.
            </summary>
        </member>
        <member name="P:MigrationTools.EndpointEnrichers.WorkItemCreatedEnricherOptions.UpdateCreatedDate">
            <summary>
            When true, updates the created date of migrated work items to match the original creation date from the source system.
            </summary>
        </member>
        <member name="P:MigrationTools.EndpointEnrichers.WorkItemCreatedEnricherOptions.UpdateCreatedBy">
            <summary>
            When true, updates the created by field of migrated work items to match the original creator from the source system.
            </summary>
        </member>
        <member name="P:MigrationTools.EndpointEnrichers.WorkItemCreatedEnricherOptions.ToConfigure">
            <summary>
            Gets the type of the enricher that this configuration applies to.
            </summary>
        </member>
        <member name="M:MigrationTools.EndpointEnrichers.WorkItemCreatedEnricherOptions.SetDefaults">
            <summary>
            Sets the default values for the work item created enricher configuration.
            </summary>
        </member>
        <member name="T:MigrationTools.EndpointEnrichers.WorkItemEmbedEnricherOptions">
            <summary>
            Configuration options for the Work Item Embed Enricher that handles embedded content and images within work item fields during migration.
            </summary>
        </member>
        <member name="P:MigrationTools.EndpointEnrichers.WorkItemEmbedEnricherOptions.WorkingPath">
            <summary>
            Local file system path used as working directory for processing embedded content and images during migration. Should have sufficient disk space and proper permissions.
            </summary>
        </member>
        <member name="P:MigrationTools.EndpointEnrichers.WorkItemEmbedEnricherOptions.ToConfigure">
            <summary>
            Gets the type of the enricher that this configuration applies to.
            </summary>
        </member>
        <member name="M:MigrationTools.EndpointEnrichers.WorkItemEmbedEnricherOptions.SetDefaults">
            <summary>
            Sets the default values for the work item embed enricher configuration.
            </summary>
        </member>
        <member name="T:MigrationTools.EndpointEnrichers.WorkItemFieldTableEnricherOptions">
            <summary>
            Configuration options for the Work Item Field Table Enricher that processes and transforms table data within work item fields during migration.
            </summary>
        </member>
        <member name="P:MigrationTools.EndpointEnrichers.WorkItemFieldTableEnricherOptions.ToConfigure">
            <summary>
            Gets the type of the enricher that this configuration applies to.
            </summary>
        </member>
        <member name="M:MigrationTools.EndpointEnrichers.WorkItemFieldTableEnricherOptions.SetDefaults">
            <summary>
            Sets the default values for the work item field table enricher configuration.
            </summary>
        </member>
        <member name="T:MigrationTools.EndpointEnrichers.WorkItemLinkEnricherOptions">
            <summary>
            Configuration options for the Work Item Link Enricher that handles the migration and processing of work item links between different endpoints.
            </summary>
        </member>
        <member name="P:MigrationTools.EndpointEnrichers.WorkItemLinkEnricherOptions.SaveEachAsAdded">
            <summary>
            When true, saves each work item after adding links to ensure immediate persistence. When false, saves in batches for better performance.
            </summary>
        </member>
        <member name="P:MigrationTools.EndpointEnrichers.WorkItemLinkEnricherOptions.ToConfigure">
            <summary>
            Gets the type of the enricher that this configuration applies to.
            </summary>
        </member>
        <member name="M:MigrationTools.EndpointEnrichers.WorkItemLinkEnricherOptions.SetDefaults">
            <summary>
            Sets the default values for the work item link enricher configuration.
            </summary>
        </member>
        <member name="P:MigrationTools.Enrichers.ProcessorEnricherOptions.Enabled">
            <summary>
            If enabled this will run this migrator
            </summary>
            <default>true</default>
        </member>
        <member name="P:MigrationTools.Enrichers.ProcessorEnricherOptions.RefName">
            <summary>
            For internal use
            </summary>
        </member>
        <member name="P:MigrationTools.Options.IOptions.Enabled">
            <summary>
            Will be used if enabled
            </summary>
        </member>
        <member name="T:MigrationTools.Options.NetworkCredentialsOptions">
            <summary>
            Configuration options for network credentials used when connecting to source and target systems. This class is marked as obsolete and should not be used in new implementations.
            </summary>
        </member>
        <member name="P:MigrationTools.Options.NetworkCredentialsOptions.Source">
            <summary>
            Gets or sets the network credentials for connecting to the source system.
            </summary>
        </member>
        <member name="P:MigrationTools.Options.NetworkCredentialsOptions.Target">
            <summary>
            Gets or sets the network credentials for connecting to the target system.
            </summary>
        </member>
        <member name="T:MigrationTools.Options.NetworkCredentials">
            <summary>
            Represents network authentication credentials including domain, username, and password for connecting to TFS or other network-based systems.
            </summary>
        </member>
        <member name="P:MigrationTools.Options.NetworkCredentials.Domain">
            <summary>
            Gets or sets the domain name for Windows authentication (e.g., "CONTOSO" or "contoso.com").
            </summary>
        </member>
        <member name="P:MigrationTools.Options.NetworkCredentials.UserName">
            <summary>
            Gets or sets the username for authentication. Should not include the domain prefix.
            </summary>
        </member>
        <member name="P:MigrationTools.Options.NetworkCredentials.Password">
            <summary>
            Gets or sets the password for authentication. This value is masked in JSON serialization for security.
            </summary>
        </member>
        <member name="T:MigrationTools.Options.QueryOptions">
            <summary>
            Configuration options for defining work item queries used in migration processes. Supports WIQL (Work Item Query Language) queries with parameterization.
            </summary>
        </member>
        <member name="P:MigrationTools.Options.QueryOptions.Query">
            <summary>
            Gets or sets the WIQL (Work Item Query Language) query string used to select work items for processing. Must be a valid WIQL query.
            </summary>
        </member>
        <member name="P:MigrationTools.Options.QueryOptions.Parameters">
            <summary>
            Gets or sets a dictionary of query parameters that can be substituted into the WIQL query. Key represents the parameter name, value represents the parameter value.
            </summary>
        </member>
        <member name="P:MigrationTools.Processors.Infrastructure.IProcessorOptions.SourceName">
            <summary>
            This is the `IEndpoint` that will be used as the source of the Migration. Can be null for a write only processor.
            </summary>
        </member>
        <member name="P:MigrationTools.Processors.Infrastructure.IProcessorOptions.TargetName">
            <summary>
            This is the `IEndpoint` that will be used as the Target of the Migration. Can be null for a read only processor.
            </summary>
        </member>
        <member name="P:MigrationTools.Processors.Infrastructure.IProcessorOptions.Enrichers">
            <summary>
            List of Enrichers that can be used to add more features to this processor. Only works with Native Processors and not legacy Processors.
            </summary>
        </member>
        <member name="P:MigrationTools.Processors.Infrastructure.ProcessorOptions.Enabled">
            <summary>
            If set to `true` then the processor will run. Set to `false` and the processor will not run.
            </summary>
        </member>
        <member name="P:MigrationTools.Processors.Infrastructure.ProcessorOptions.Enrichers">
            <summary>
            List of Enrichers that can be used to add more features to this processor. Only works with Native Processors and not legacy Processors.
            </summary>
        </member>
        <member name="P:MigrationTools.Processors.Infrastructure.ProcessorOptions.RefName">
            <summary>
            `Refname` will be used in the future to allow for using named Options without the need to copy all of the options.
            </summary>
        </member>
        <member name="T:MigrationTools.Processors.WorkItemTrackingProcessor">
            <summary>
            This processor is intended, with the aid of [ProcessorEnrichers](../ProcessorEnrichers/index.md), to allow the migration of Work Items between two [Endpoints](../Endpoints/index.md).
            </summary>
        </member>
        <member name="T:MigrationTools.Processors.WorkItemTrackingProcessorOptions">
            <summary>
            Configuration options for the WorkItemTrackingProcessor, which handles migration of work items between endpoints.
            </summary>
        </member>
        <member name="P:MigrationTools.Processors.WorkItemTrackingProcessorOptions.ReplayRevisions">
            <summary>
            Gets or sets a value indicating whether to replay all revisions during migration.
            </summary>
        </member>
        <member name="P:MigrationTools.Processors.WorkItemTrackingProcessorOptions.CollapseRevisions">
            <summary>
            Gets or sets a value indicating whether to collapse revisions into a single work item.
            </summary>
        </member>
        <member name="P:MigrationTools.Processors.WorkItemTrackingProcessorOptions.WorkItemCreateRetryLimit">
            <summary>
            Gets or sets the number of times to retry work item creation if it fails.
            </summary>
        </member>
        <member name="T:MigrationTools.Tools.FieldMappingTool">
            <summary>
            Tool for applying field mapping transformations to work items during migration, supporting various field mapping strategies like direct mapping, regex transformations, and value lookups.
            </summary>
        </member>
        <member name="M:MigrationTools.Tools.FieldMappingTool.#ctor(Microsoft.Extensions.Options.IOptions{MigrationTools.Tools.FieldMappingToolOptions},System.IServiceProvider,Microsoft.Extensions.Logging.ILogger{MigrationTools.Tools.Infrastructure.ITool},MigrationTools.ITelemetryLogger)">
            <summary>
            Initializes a new instance of the FieldMappingTool class.
            </summary>
            <param name="options">Configuration options for field mapping</param>
            <param name="services">Service provider for dependency injection</param>
            <param name="logger">Logger for the tool operations</param>
            <param name="telemetry">Telemetry logger for tracking operations</param>
        </member>
        <member name="T:MigrationTools.Tools.FieldMappingToolOptions">
            <summary>
            Configuration options for the FieldMappingTool, defining the collection of field mappings to apply during work item migration.
            </summary>
        </member>
        <member name="P:MigrationTools.Tools.FieldMappingToolOptions.FieldMaps">
            <summary>
            Gets or sets the list of field mapping configurations to apply.
            </summary>
        </member>
        <member name="T:MigrationTools.Tools.FieldMappingToolOptions.ConfigureOptions">
            <summary>
            Configuration provider for field mapping tool options, handling the loading of field map configurations from configuration sources.
            </summary>
        </member>
        <member name="M:MigrationTools.Tools.FieldMappingToolOptions.ConfigureOptions.#ctor(Microsoft.Extensions.Configuration.IConfiguration)">
            <summary>
            Initializes a new instance of the ConfigureOptions class.
            </summary>
            <param name="configuration">The configuration provider</param>
        </member>
        <member name="M:MigrationTools.Tools.FieldMappingToolOptions.ConfigureOptions.Configure(MigrationTools.Tools.FieldMappingToolOptions)">
            <summary>
            Configures the field mapping tool options from the configuration source.
            </summary>
            <param name="options">The options instance to configure</param>
        </member>
        <member name="T:MigrationTools.Tools.FieldCalculationMapOptions">
            <summary>
            Performs mathematical calculations on numeric fields using NCalc expressions during migration.
            </summary>
            <status>ready</status>
            <processingtarget>Work Item Field</processingtarget>
        </member>
        <member name="P:MigrationTools.Tools.FieldCalculationMapOptions.expression">
            <summary>
            Gets or sets the NCalc expression to evaluate. Variables in the expression should be enclosed in square brackets (e.g., "[x]*2").
            </summary>
            <default>null</default>
        </member>
        <member name="P:MigrationTools.Tools.FieldCalculationMapOptions.parameters">
            <summary>
            Gets or sets a dictionary mapping variable names used in the expression to source field reference names.
            </summary>
            <default>{}</default>
        </member>
        <member name="P:MigrationTools.Tools.FieldCalculationMapOptions.targetField">
            <summary>
            Gets or sets the target field reference name where the calculated result will be stored.
            </summary>
            <default>null</default>
        </member>
        <member name="M:MigrationTools.Tools.FieldCalculationMapOptions.SetExampleConfigDefaults">
            <summary>
            Sets example configuration defaults for documentation purposes.
            </summary>
        </member>
        <member name="M:MigrationTools.Tools.FieldCalculationMapOptions.#ctor">
            <summary>
            Initializes a new instance of the FieldCalculationMapOptions class.
            </summary>
        </member>
        <member name="T:MigrationTools.Tools.FieldClearMapOptions">
            <summary>
            Allows you to set an already populated field to Null. This will only work with fields that support null.
            </summary>
            <status>ready</status>
            <processingtarget>Work Item</processingtarget>
        </member>
        <member name="P:MigrationTools.Tools.FieldClearMapOptions.targetField">
            <summary>
            Gets or sets the name of the target field to be cleared/set to null during work item migration.
            </summary>
        </member>
        <member name="T:MigrationTools.Tools.FieldLiteralMapOptions">
            <summary>
            Sets a field on the `target` to b a specific value.
            </summary>
            <status>ready</status>
            <processingtarget>Work Item Field</processingtarget>
        </member>
        <member name="P:MigrationTools.Tools.FieldLiteralMapOptions.targetField">
            <summary>
            Gets or sets the name of the target field that will be set to the specified literal value.
            </summary>
        </member>
        <member name="P:MigrationTools.Tools.FieldLiteralMapOptions.value">
            <summary>
            Gets or sets the literal value that will be assigned to the target field during migration.
            </summary>
        </member>
        <member name="T:MigrationTools.Tools.FieldMergeMapOptions">
            <summary>
            Ever wanted to merge two or three fields? This mapping will let you do just that.
            </summary>
            <status>ready</status>
            <processingtarget>Work Item Field</processingtarget>
        </member>
        <member name="T:MigrationTools.Tools.FieldSkipMapOptions">
            <summary>
            Allows you to skip populating an existing field. Value in target with be reset to its OriginalValue.
            </summary>
            <status>ready</status>
            <processingtarget>Work Item</processingtarget>
        </member>
        <member name="P:MigrationTools.Tools.FieldSkipMapOptions.targetField">
            <summary>
            Gets or sets the name of the target field that should be skipped during migration, resetting it to its original value.
            </summary>
        </member>
        <member name="T:MigrationTools.Tools.FieldToFieldMapOptions">
            <summary>
            Just want to map one field to another? This is the one for you.
            </summary>
            <status>ready</status>
            <processingtarget>Work Item Field</processingtarget>
        </member>
        <member name="P:MigrationTools.Tools.FieldToFieldMapOptions.sourceField">
            <summary>
            Gets or sets the name of the source field to copy data from during migration.
            </summary>
        </member>
        <member name="P:MigrationTools.Tools.FieldToFieldMapOptions.targetField">
            <summary>
            Gets or sets the name of the target field to copy data to during migration.
            </summary>
        </member>
        <member name="P:MigrationTools.Tools.FieldToFieldMapOptions.defaultValue">
            <summary>
            Gets or sets the default value to use when the source field is empty or null.
            </summary>
        </member>
        <member name="T:MigrationTools.Tools.FieldToFieldMultiMapOptions">
            <summary>
            Want to setup a bunch of field maps in a single go. Use this shortcut!
            </summary>
            <status>ready</status>
            <processingtarget>Work Item Field</processingtarget>
        </member>
        <member name="T:MigrationTools.Tools.FieldToTagFieldMapOptions">
            <summary>
            Want to take a field and convert its value to a tag? Done...
            </summary>
            <status>ready</status>
            <processingtarget>Work Item Field</processingtarget>
        </member>
        <member name="T:MigrationTools.Tools.FieldValueMapOptions">
            <summary>
            Need to map not just the field but also values? This is the default value mapper.
            </summary>
            <status>ready</status>
            <processingtarget>Work Item Field</processingtarget>
        </member>
        <member name="P:MigrationTools.Tools.FieldValueMapOptions.sourceField">
            <summary>
            Gets or sets the name of the source field to read values from during migration.
            </summary>
        </member>
        <member name="P:MigrationTools.Tools.FieldValueMapOptions.targetField">
            <summary>
            Gets or sets the name of the target field to write mapped values to during migration.
            </summary>
        </member>
        <member name="P:MigrationTools.Tools.FieldValueMapOptions.defaultValue">
            <summary>
            Gets or sets the default value to use when no mapping is found for the source field value.
            </summary>
        </member>
        <member name="P:MigrationTools.Tools.FieldValueMapOptions.valueMapping">
            <summary>
            Gets or sets the dictionary that maps source field values to target field values. Key is the source value, value is the target value.
            </summary>
        </member>
        <member name="T:MigrationTools.Tools.FieldValueToTagMapOptions">
            <summary>
            Need to create a Tag based on a field value? Just create a regex match and choose how to populate the target.
            </summary>
            <status>ready</status>
            <processingtarget>Work Item Field</processingtarget>
        </member>
        <member name="T:MigrationTools.Tools.MultiValueConditionalMapOptions">
            <summary>
            ??? If you know how to use this please send a PR :)
            </summary>
            <status>ready</status>
            <processingtarget>Work Item Field</processingtarget>
        </member>
        <member name="T:MigrationTools.Tools.RegexFieldMapOptions">
            <summary>
             I just need that bit of a field... need to send "2016.2" to two fields, one for year and one for release? Done.
            </summary>
            <status>ready</status>
            <processingtarget>Work Item Field</processingtarget>
        </member>
        <member name="P:MigrationTools.Tools.RegexFieldMapOptions.sourceField">
            <summary>
            Gets or sets the name of the source field to read data from and apply regex pattern matching.
            </summary>
        </member>
        <member name="P:MigrationTools.Tools.RegexFieldMapOptions.targetField">
            <summary>
            Gets or sets the name of the target field to write the regex-transformed data to.
            </summary>
        </member>
        <member name="P:MigrationTools.Tools.RegexFieldMapOptions.pattern">
            <summary>
            Gets or sets the regular expression pattern to match against the source field value.
            </summary>
        </member>
        <member name="P:MigrationTools.Tools.RegexFieldMapOptions.replacement">
            <summary>
            Gets or sets the replacement pattern that defines how matched groups should be used to construct the target value.
            </summary>
        </member>
        <member name="T:MigrationTools.Tools.TreeToTagFieldMapOptions">
            <summary>
            Need to clear out those nasty Area tree hierarchies? This creates Tags for each node in the Area Path...
            </summary>
            <status>ready</status>
            <processingtarget>Work Item Field</processingtarget>
        </member>
        <member name="P:MigrationTools.Tools.TreeToTagFieldMapOptions.toSkip">
            <summary>
            Gets or sets the number of levels to skip from the root when converting area path hierarchy to tags. For example, if set to 2, "ProjectName\Level1\Level2\Level3" would skip "ProjectName\Level1" and start from "Level2".
            </summary>
        </member>
        <member name="P:MigrationTools.Tools.TreeToTagFieldMapOptions.timeTravel">
            <summary>
            Gets or sets the number of months to travel back in time when looking up historical area path values. Use 0 for current values.
            </summary>
        </member>
        <member name="P:MigrationTools.Tools.Infrastructure.FieldMapOptions.Enabled">
            <summary>
            If set to `true` then the Fieldmap will run. Set to `false` and the processor will not run.
            </summary>
        </member>
        <member name="P:MigrationTools.Tools.Infrastructure.IFieldMapOptions.ApplyTo">
            <summary>
            A list of Work Item Types that this Field Map will apply to. If the list is empty it will apply to all Work Item Types. You can use "*" to apply to all Work Item Types.
            </summary>
        </member>
        <member name="M:MigrationTools.Tools.Infrastructure.EmbededImagesRepairToolBase`1.FixEmbededImages(MigrationTools.DataContracts.WorkItemData,System.String,System.String,System.String)">
            from https://gist.github.com/pietergheysens/792ed505f09557e77ddfc1b83531e4fb
        </member>
        <member name="M:MigrationTools.Tools.Infrastructure.EmbededImagesRepairToolBase`1.GetImageFormat(System.Byte[])">
            <summary>
            Retrieve Image Format for a given byte array
            </summary>
            <param name="bytes">Image to check</param>
            <remarks>From https://stackoverflow.com/a/9446045/1317161</remarks>
            <returns>Image format</returns>
        </member>
        <member name="P:MigrationTools.Tools.Infrastructure.ToolOptions.Enabled">
            <summary>
            If set to `true` then the tool will run. Set to `false` and the processor will not run.
            </summary>
        </member>
        <member name="T:MigrationTools.Tools.CommonTools">
            <summary>
            Container for common tools used across migration operations, providing centralized access to frequently used utility tools.
            </summary>
        </member>
        <member name="P:MigrationTools.Tools.CommonTools.StringManipulator">
            <summary>
            Gets the string manipulator tool for processing string fields.
            </summary>
        </member>
        <member name="P:MigrationTools.Tools.CommonTools.WorkItemTypeMapping">
            <summary>
            Gets the work item type mapping tool for transforming work item types.
            </summary>
        </member>
        <member name="P:MigrationTools.Tools.CommonTools.FieldMappingTool">
            <summary>
            Gets the field mapping tool for applying field transformations.
            </summary>
        </member>
        <member name="M:MigrationTools.Tools.CommonTools.#ctor(MigrationTools.Tools.Interfaces.IStringManipulatorTool,MigrationTools.Tools.Interfaces.IWorkItemTypeMappingTool,MigrationTools.Tools.Interfaces.IFieldMappingTool)">
            <summary>
            Initializes a new instance of the CommonTools class.
            </summary>
            <param name="StringManipulatorTool">Tool for string field manipulation</param>
            <param name="workItemTypeMapping">Tool for work item type mapping</param>
            <param name="fieldMappingTool">Tool for field mapping operations</param>
        </member>
        <member name="T:MigrationTools.Tools.StringManipulatorTool">
            <summary>
            Used to process the String fields of a work item. This is useful for cleaning up data. It will limit fields to a max length and apply regex replacements based on what is configured. Each regex replacement is applied in order and can be enabled or disabled.
            </summary>
        </member>
        <member name="T:MigrationTools.Tools.StringManipulatorToolOptions">
            <summary>
            Configuration options for the StringManipulatorTool, defining string transformations and length limits for work item string fields.
            </summary>
        </member>
        <member name="P:MigrationTools.Tools.StringManipulatorToolOptions.MaxStringLength">
            <summary>
            Max number of chars in a string. Applied last, and set to 1000000 by default.
            </summary>
            <default>1000000</default>
        </member>
        <member name="P:MigrationTools.Tools.StringManipulatorToolOptions.Manipulators">
            <summary>
            List of regex based string manipulations to apply to all string fields. Each regex replacement is applied in order and can be enabled or disabled.
            </summary>
            <default>{}</default>
        </member>
        <member name="T:MigrationTools.Tools.RegexStringManipulator">
            <summary>
            Represents a regular expression-based string manipulation rule for processing work item string fields.
            </summary>
        </member>
        <member name="P:MigrationTools.Tools.RegexStringManipulator.Enabled">
            <summary>
            Gets or sets a value indicating whether this manipulator is enabled.
            </summary>
        </member>
        <member name="P:MigrationTools.Tools.RegexStringManipulator.Pattern">
            <summary>
            Gets or sets the regular expression pattern to match.
            </summary>
        </member>
        <member name="P:MigrationTools.Tools.RegexStringManipulator.Replacement">
            <summary>
            Gets or sets the replacement string for matched patterns.
            </summary>
        </member>
        <member name="P:MigrationTools.Tools.RegexStringManipulator.Description">
            <summary>
            Gets or sets a description of what this manipulator does.
            </summary>
        </member>
        <member name="T:MigrationTools.Tools.WorkItemTypeMappingTool">
            <summary>
            Provides mapping functionality for transforming work item types from source to target systems during migration, allowing different work item type names to be used in the target.
            </summary>
        </member>
        <member name="P:MigrationTools.Tools.WorkItemTypeMappingTool.Mappings">
            <summary>
            Gets the dictionary of work item type mappings from source to target types.
            </summary>
        </member>
        <member name="M:MigrationTools.Tools.WorkItemTypeMappingTool.#ctor(Microsoft.Extensions.Options.IOptions{MigrationTools.Tools.WorkItemTypeMappingToolOptions},System.IServiceProvider,Microsoft.Extensions.Logging.ILogger{MigrationTools.Tools.WorkItemTypeMappingTool},MigrationTools.ITelemetryLogger)">
            <summary>
            Initializes a new instance of the WorkItemTypeMappingTool class.
            </summary>
            <param name="options">Configuration options for work item type mappings</param>
            <param name="services">Service provider for dependency injection</param>
            <param name="logger">Logger for the tool operations</param>
            <param name="telemetryLogger">Telemetry logger for tracking operations</param>
        </member>
        <member name="T:MigrationTools.Tools.WorkItemTypeMappingToolOptions">
            <summary>
            Configuration options for the WorkItemTypeMappingTool, defining how work item types should be mapped between source and target systems.
            </summary>
        </member>
        <member name="P:MigrationTools.Tools.WorkItemTypeMappingToolOptions.Mappings">
            <summary>
            List of work item mappings. 
            </summary>
            <default>{}</default>
        </member>
        <member name="T:MigrationTools.Tools.RegexWorkItemTypeMapping">
            <summary>
            Represents a regular expression-based work item type mapping rule for dynamic type transformations.
            </summary>
        </member>
        <member name="P:MigrationTools.Tools.RegexWorkItemTypeMapping.Enabled">
            <summary>
            Gets or sets a value indicating whether this mapping rule is enabled.
            </summary>
        </member>
        <member name="P:MigrationTools.Tools.RegexWorkItemTypeMapping.Pattern">
            <summary>
            Gets or sets the regular expression pattern to match work item type names.
            </summary>
        </member>
        <member name="P:MigrationTools.Tools.RegexWorkItemTypeMapping.Replacement">
            <summary>
            Gets or sets the replacement string for matched work item type names.
            </summary>
        </member>
        <member name="P:MigrationTools.Tools.RegexWorkItemTypeMapping.Description">
            <summary>
            Gets or sets a description of what this mapping rule does.
            </summary>
        </member>
        <member name="M:MigrationTools._EngineV1.Configuration.IProcessorConfig.IsProcessorCompatible(System.Collections.Generic.IReadOnlyList{MigrationTools._EngineV1.Configuration.IProcessorConfig})">
            <summary>
            Indicates, if this processor can be added to the list of current processors or not.
            Some processors are not compatible with each other.
            </summary>
            <param name="otherProcessors">List of already configured processors.</param>
        </member>
        <member name="T:ThisAssembly">
            <summary>
            Provides access to the current assembly information.
            </summary>
            <summary>
            Provides access to the current assembly information.
            </summary>
            <summary>
            Provides access to the current assembly information.
            </summary>
            <summary>
            Provides access to the current assembly information.
            </summary>
            <summary>
            Provides access to the current assembly information.
            </summary>
            <summary>
            Provides access to the current assembly information.
            </summary>
            <summary>
            Provides access to the current assembly information.
            </summary>
            <summary>
            Provides access to the current assembly information.
            </summary>
            <summary>
            Provides access to the current assembly information.
            </summary>
            <summary>
            Provides access to the current assembly information.
            </summary>
            <summary>
            Provides access to the current assembly information.
            </summary>
            <summary>
            Provides access to the current assembly information.
            </summary>
            <summary>
            Provides access to the current assembly information.
            </summary>
            <summary>
            Provides access to the current assembly information.
            </summary>
            <summary>
            Provides access to the current assembly information.
            </summary>
            <summary>
            Provides access to the current assembly information.
            </summary>
            <summary>
            Provides access to the current assembly information.
            </summary>
            <summary>
            Provides access to the current assembly information.
            </summary>
            <summary>
            Provides access to the current assembly information.
            </summary>
        </member>
        <member name="T:ThisAssembly.Git">
            <summary>
            Provides access project-defined constants.
            </summary>
            <summary>
            Provides access project-defined constants.
            </summary>
            <summary>
            Provides access project-defined constants.
            </summary>
            <summary>
            Provides access project-defined constants.
            </summary>
            <summary>
            Provides access project-defined constants.
            </summary>
            <summary>
            Provides access project-defined constants.
            </summary>
            <summary>
            Provides access project-defined constants.
            </summary>
            <summary>
            Provides access project-defined constants.
            </summary>
            <summary>
            Provides access project-defined constants.
            </summary>
            <summary>
            Provides access project-defined constants.
            </summary>
            <summary>
            Provides access project-defined constants.
            </summary>
            <summary>
            Provides access project-defined constants.
            </summary>
            <summary>
            Provides access project-defined constants.
            </summary>
            <summary>
            Provides access project-defined constants.
            </summary>
            <summary>
            Provides access project-defined constants.
            </summary>
            <summary>
            Provides access project-defined constants.
            </summary>
            <summary>
            Provides access project-defined constants.
            </summary>
            <summary>
            Provides access project-defined constants.
            </summary>
            <summary>
            Provides access project-defined constants.
            </summary>
        </member>
        <member name="F:ThisAssembly.Git.IsDirtyString">
            <summary>
            false
            </summary>
        </member>
        <member name="F:ThisAssembly.Git.IsDirty">
            <summary>
            false
            </summary>
        </member>
        <member name="F:ThisAssembly.Git.RepositoryUrl">
            <summary>
            https://github.com/nkdAgility/azure-devops-migration-tools.git
            </summary>
        </member>
        <member name="F:ThisAssembly.Git.Branch">
            <summary>
            main
            </summary>
        </member>
        <member name="F:ThisAssembly.Git.Commit">
            <summary>
            5724b312
            </summary>
        </member>
        <member name="F:ThisAssembly.Git.Sha">
            <summary>
            5724b312a8dc680068f9dfd6bdcb6c09a1b4445e
            </summary>
        </member>
        <member name="F:ThisAssembly.Git.CommitDate">
            <summary>
            2025-06-19T14:46:05+01:00
            </summary>
        </member>
        <member name="F:ThisAssembly.Git.Commits">
            <summary>
            0
            </summary>
        </member>
        <member name="F:ThisAssembly.Git.Tag">
            <summary>
            v16.2.1
            </summary>
        </member>
        <member name="F:ThisAssembly.Git.BaseTag">
            <summary>
            v16.2.1
            </summary>
        </member>
        <member name="T:ThisAssembly.Git.BaseVersion">
            <summary>
            Provides access to constants under Git/BaseVersion
            </summary>
            <summary>
            Provides access to constants under Git/BaseVersion
            </summary>
            <summary>
            Provides access to constants under Git/BaseVersion
            </summary>
        </member>
        <member name="F:ThisAssembly.Git.BaseVersion.Major">
            <summary>
            16
            </summary>
        </member>
        <member name="F:ThisAssembly.Git.BaseVersion.Minor">
            <summary>
            2
            </summary>
        </member>
        <member name="F:ThisAssembly.Git.BaseVersion.Patch">
            <summary>
            1
            </summary>
        </member>
        <member name="T:ThisAssembly.Git.SemVer">
            <summary>
            Provides access to constants under Git/SemVer
            </summary>
            <summary>
            Provides access to constants under Git/SemVer
            </summary>
            <summary>
            Provides access to constants under Git/SemVer
            </summary>
            <summary>
            Provides access to constants under Git/SemVer
            </summary>
            <summary>
            Provides access to constants under Git/SemVer
            </summary>
            <summary>
            Provides access to constants under Git/SemVer
            </summary>
        </member>
        <member name="F:ThisAssembly.Git.SemVer.Major">
            <summary>
            16
            </summary>
        </member>
        <member name="F:ThisAssembly.Git.SemVer.Minor">
            <summary>
            2
            </summary>
        </member>
        <member name="F:ThisAssembly.Git.SemVer.Patch">
            <summary>
            1
            </summary>
        </member>
        <member name="F:ThisAssembly.Git.SemVer.Label">
            <summary>
            
            </summary>
        </member>
        <member name="F:ThisAssembly.Git.SemVer.DashLabel">
            <summary>
            
            </summary>
        </member>
        <member name="F:ThisAssembly.Git.SemVer.Source">
            <summary>
            Tag
            </summary>
        </member>
    </members>
</doc>
