{
  "Serilog": {
    "MinimumLevel": "Information"
  },
  "MigrationTools": {
    "Version": "0.0",
    "Endpoints": {
      "Source": {
        "EndpointType": "TfsTeamProjectEndpoint",
        "Collection": "https://dev.azure.com/nkdagility-preview/",
        "Project": "migrationSource1",
        "Authentication": {
          "AuthenticationMode": "AccessToken",
          "NetworkCredentials": {
            "Domain": "",
            "UserName": "",
            "Password": "** removed as a secret ***"
          },
          "AccessToken": "** removed as a secret ***"
        },
        "ReflectedWorkItemIdField": null,
        "AllowCrossProjectLinking": false,
        "LanguageMaps": {
          "AreaPath": "Area",
          "IterationPath": "Iteration"
        },
        "EndpointEnrichers": null
      },
      "Target": {
        "EndpointType": "TfsTeamProjectEndpoint",
        "Collection": "https://dev.azure.com/nkdagility-preview/",
        "Project": "migrationSource1",
        "Authentication": {
          "AuthenticationMode": "AccessToken",
          "NetworkCredentials": {
            "Domain": "",
            "UserName": "",
            "Password": "** removed as a secret ***"
          },
          "AccessToken": "** removed as a secret ***"
        },
        "ReflectedWorkItemIdField": null,
        "AllowCrossProjectLinking": false,
        "LanguageMaps": {
          "AreaPath": "Area",
          "IterationPath": "Iteration"
        },
        "EndpointEnrichers": null
      }
    },
    "Processors": [
      {
        "ProcessorType": "TfsWorkItemMigrationProcessor",
        "Enabled": false,
        "UpdateCreatedDate": true,
        "UpdateCreatedBy": true,
        "WIQLQuery": "SELECT [System.Id] FROM WorkItems WHERE [System.TeamProject] = @TeamProject AND [System.WorkItemType] NOT IN ('Test Suite', 'Test Plan','Shared Steps','Shared Parameter','Feedback Request') ORDER BY [System.ChangedDate] desc",
        "FixHtmlAttachmentLinks": true,
        "WorkItemCreateRetryLimit": 5,
        "FilterWorkItemsThatAlreadyExistInTarget": false,
        "PauseAfterEachWorkItem": false,
        "AttachRevisionHistory": false,
        "GenerateMigrationComment": true,
        "WorkItemIDs": null,
        "MaxGracefulFailures": 0,
        "SkipRevisionWithInvalidIterationPath": false,
        "SkipRevisionWithInvalidAreaPath": false,
        "Enrichers": null,
        "SourceName": "Source",
        "TargetName": "Target",
        "RefName": null
      }
    ],
    "CommonTools": {
      "FieldMappingTool": {
        "Enabled": true,
        "FieldMaps": [
          {
            "FieldMapType": "FieldLiteralMap",
            "targetField": "Custom.SomeField",
            "value": "New field value",
            "ApplyTo": [
              "SomeWorkItemType"
            ]
          }
        ]
      }
    }
  }
}