{
  "Serilog": {
    "MinimumLevel": "Information"
  },
  "MigrationTools": {
    "Version": "0.0",
    "Endpoints": {
      "EndpointRefname-1": {
        "EndpointType": "FileSystemWorkItemEndpoint",
        "FileStore": null,
        "EndpointEnrichers": null
      },
      "EndpointRefname-2": {
        "EndpointType": "TfsEndpoint",
        "Organisation": null,
        "Project": null,
        "AuthenticationMode": "AccessToken",
        "AccessToken": null,
        "ReflectedWorkItemIdField": null,
        "LanguageMaps": null,
        "EndpointEnrichers": null
      },
      "EndpointRefname-3": {
        "EndpointType": "TfsTeamProjectEndpoint",
        "Collection": "https://dev.azure.com/nkdagility-preview/",
        "Project": "migrationSource1",
        "Authentication": {
          "AuthenticationMode": "AccessToken",
          "NetworkCredentials": {
            "Domain": "",
            "UserName": "",
            "Password": ""
          },
          "AccessToken": "jklsadhjksahfkjsdhjksahsadjhksadhsad"
        },
        "ReflectedWorkItemIDFieldName": null,
        "AllowCrossProjectLinking": false,
        "LanguageMaps": {
          "AreaPath": "Area",
          "IterationPath": "Iteration"
        },
        "EndpointEnrichers": null
      },
      "EndpointRefname-4": {
        "EndpointType": "TfsTeamSettingsEndpoint",
        "Organisation": null,
        "Project": null,
        "AuthenticationMode": "AccessToken",
        "AccessToken": null,
        "ReflectedWorkItemIdField": null,
        "LanguageMaps": null,
        "EndpointEnrichers": null
      },
      "EndpointRefname-5": {
        "EndpointType": "TfsWorkItemEndpoint",
        "Organisation": null,
        "Project": null,
        "Query": null,
        "AuthenticationMode": "AccessToken",
        "AccessToken": null,
        "ReflectedWorkItemIdField": null,
        "LanguageMaps": null,
        "EndpointEnrichers": null
      },
      "EndpointRefname-6": {
        "EndpointType": "AzureDevOpsEndpoint",
        "AuthenticationMode": "AccessToken",
        "AccessToken": null,
        "Organisation": null,
        "Project": null,
        "ReflectedWorkItemIdField": null,
        "EndpointEnrichers": null
      }
    },
    "Processors": [
      {
        "ProcessorType": "WorkItemTrackingProcessor",
        "Enabled": false,
        "ReplayRevisions": false,
        "CollapseRevisions": false,
        "WorkItemCreateRetryLimit": 0,
        "Enrichers": null,
        "SourceName": null,
        "TargetName": null,
        "RefName": null
      },
      {
        "ProcessorType": "TfsTestPlansAndSuitesMigrationProcessor",
        "Enabled": false,
        "OnlyElementsWithTag": null,
        "TestPlanQuery": null,
        "RemoveAllLinks": false,
        "MigrationDelay": 0,
        "RemoveInvalidTestSuiteLinks": false,
        "FilterCompleted": false,
        "Enrichers": null,
        "SourceName": null,
        "TargetName": null,
        "RefName": null
      },
      {
        "ProcessorType": "TfsWorkItemBulkEditProcessor",
        "Enabled": false,
        "WhatIf": false,
        "WIQLQuery": "SELECT [System.Id] FROM WorkItems WHERE [System.TeamProject] = @TeamProject AND [@ReflectedWorkItemIdFieldName] = ''  AND [System.WorkItemType] NOT IN ('Test Suite', 'Test Plan','Shared Steps','Shared Parameter','Feedback Request') ORDER BY [System.ChangedDate] desc",
        "WorkItemIDs": null,
        "FilterWorkItemsThatAlreadyExistInTarget": false,
        "PauseAfterEachWorkItem": false,
        "WorkItemCreateRetryLimit": 0,
        "Enrichers": null,
        "SourceName": null,
        "TargetName": null,
        "RefName": null
      },
      {
        "ProcessorType": "TfsEmptyProcessor",
        "Enabled": false,
        "Enrichers": null,
        "SourceName": null,
        "TargetName": null,
        "RefName": null
      },
      {
        "ProcessorType": "TfsExportProfilePictureFromADProcessor",
        "Enabled": false,
        "Domain": null,
        "Username": null,
        "Password": null,
        "PictureEmpIDFormat": null,
        "Enrichers": null,
        "SourceName": null,
        "TargetName": null,
        "RefName": null
      },
      {
        "ProcessorType": "TfsExportUsersForMappingProcessor",
        "Enabled": false,
        "WIQLQuery": null,
        "OnlyListUsersInWorkItems": true,
        "Enrichers": null,
        "SourceName": null,
        "TargetName": null,
        "RefName": null
      },
      {
        "ProcessorType": "TfsImportProfilePictureProcessor",
        "Enabled": false,
        "Enrichers": null,
        "SourceName": null,
        "TargetName": null,
        "RefName": null
      },
      {
        "ProcessorType": "TfsSharedQueryProcessor",
        "Enabled": false,
        "PrefixProjectToNodes": false,
        "SharedFolderName": "Shared Queries",
        "SourceToTargetFieldMappings": null,
        "Enrichers": null,
        "SourceName": null,
        "TargetName": null,
        "RefName": null
      },
      {
        "ProcessorType": "TfsTeamSettingsProcessor",
        "Enabled": false,
        "MigrateTeamSettings": false,
        "UpdateTeamSettings": false,
        "PrefixProjectToNodes": false,
        "MigrateTeamCapacities": false,
        "Teams": null,
        "Enrichers": null,
        "SourceName": null,
        "TargetName": null,
        "RefName": null
      },
      {
        "ProcessorType": "TfsTestConfigurationsMigrationProcessor",
        "Enabled": false,
        "Enrichers": null,
        "SourceName": null,
        "TargetName": null,
        "RefName": null
      },
      {
        "ProcessorType": "TfsTestVariablesMigrationProcessor",
        "Enabled": false,
        "Processor": "TestVariablesMigrationContext",
        "Enrichers": null,
        "SourceName": null,
        "TargetName": null,
        "RefName": null
      },
      {
        "ProcessorType": "TfsWorkItemDeleteProcessor",
        "Enabled": false,
        "WIQLQuery": "SELECT [System.Id] FROM WorkItems WHERE [System.TeamProject] = @TeamProject AND [System.WorkItemType] NOT IN ('Test Suite', 'Test Plan','Shared Steps','Shared Parameter','Feedback Request') ORDER BY [System.ChangedDate] desc",
        "WorkItemIDs": null,
        "FilterWorkItemsThatAlreadyExistInTarget": false,
        "PauseAfterEachWorkItem": false,
        "WorkItemCreateRetryLimit": 0,
        "Enrichers": null,
        "SourceName": null,
        "TargetName": null,
        "RefName": null
      },
      {
        "ProcessorType": "TfsWorkItemMigrationProcessor",
        "Enabled": false,
        "UpdateCreatedDate": true,
        "UpdateCreatedBy": true,
        "WIQLQuery": "SELECT [System.Id] FROM WorkItems WHERE [System.TeamProject] = @TeamProject AND [System.WorkItemType] NOT IN ('Test Suite', 'Test Plan','Shared Steps','Shared Parameter','Feedback Request') ORDER BY [System.ChangedDate] desc",
        "FixHtmlAttachmentLinks": true,
        "WorkItemCreateRetryLimit": 5,
        "FilterWorkItemsThatAlreadyExistInTarget": false,
        "PauseAfterEachWorkItem": false,
        "AttachRevisionHistory": false,
        "GenerateMigrationComment": true,
        "WorkItemIDs": null,
        "MaxGracefulFailures": 0,
        "SkipRevisionWithInvalidIterationPath": false,
        "SkipRevisionWithInvalidAreaPath": false,
        "Enrichers": null,
        "SourceName": "Source",
        "TargetName": "Target",
        "RefName": null
      },
      {
        "ProcessorType": "TfsWorkItemOverwriteAreasAsTagsProcessor",
        "Enabled": false,
        "AreaIterationPath": null,
        "Enrichers": null,
        "SourceName": null,
        "TargetName": null,
        "RefName": null
      },
      {
        "ProcessorType": "TfsWorkItemPostProcessingProcessor",
        "Enabled": false,
        "WorkItemIDs": null,
        "WIQLQuery": "SELECT [System.Id] FROM WorkItems WHERE [System.TeamProject] = @TeamProject AND [@ReflectedWorkItemIdFieldName] = ''  AND [System.WorkItemType] NOT IN ('Test Suite', 'Test Plan','Shared Steps','Shared Parameter','Feedback Request') ORDER BY [System.ChangedDate] desc",
        "FilterWorkItemsThatAlreadyExistInTarget": false,
        "PauseAfterEachWorkItem": false,
        "WorkItemCreateRetryLimit": 0,
        "Enrichers": null,
        "SourceName": null,
        "TargetName": null,
        "RefName": null
      },
      {
        "ProcessorType": "AzureDevOpsPipelineProcessor",
        "Enabled": false,
        "MigrateBuildPipelines": true,
        "MigrateReleasePipelines": true,
        "MigrateTaskGroups": true,
        "MigrateVariableGroups": true,
        "MigrateServiceConnections": true,
        "BuildPipelines": null,
        "ReleasePipelines": null,
        "RepositoryNameMaps": null,
        "Enrichers": null,
        "SourceName": "sourceName",
        "TargetName": "targetName",
        "RefName": null
      },
      {
        "ProcessorType": "ProcessDefinitionProcessor",
        "Enabled": false,
        "Processes": null,
        "ProcessMaps": null,
        "UpdateProcessDetails": false,
        "MaxDegreeOfParallelism": 0,
        "Enrichers": null,
        "SourceName": null,
        "TargetName": null,
        "RefName": null
      },
      {
        "ProcessorType": "KeepOutboundLinkTargetProcessor",
        "Enabled": false,
        "WIQLQuery": "Select [System.Id] From WorkItems Where [System.TeamProject] = @project and not [System.WorkItemType] contains 'Test Suite, Test Plan,Shared Steps,Shared Parameter,Feedback Request'",
        "TargetLinksToKeepOrganization": "https://dev.azure.com/nkdagility",
        "TargetLinksToKeepProject": "d4d4097c-ebcc-4fee-9557-ec00f2ecf9d0",
        "CleanupFileName": "c:/temp/OutboundLinkTargets.bat",
        "PrependCommand": "start",
        "DryRun": true,
        "Enrichers": null,
        "SourceName": null,
        "TargetName": null,
        "RefName": null
      },
      {
        "ProcessorType": "OutboundLinkCheckingProcessor",
        "Enabled": false,
        "WIQLQuery": null,
        "ResultFileName": null,
        "Enrichers": null,
        "SourceName": null,
        "TargetName": null,
        "RefName": null
      }
    ],
    "CommonTools": {
      "FieldMappingTool": {
        "Enabled": true,
        "FieldMaps": [
          {
            "FieldMapType": "FieldClearMap",
            "targetField": "Custom.FieldC",
            "ApplyTo": [
              "SomeWorkItemType"
            ]
          },
          {
            "FieldMapType": "FieldLiteralMap",
            "targetField": "Custom.SomeField",
            "value": "New field value",
            "ApplyTo": [
              "SomeWorkItemType"
            ]
          },
          {
            "FieldMapType": "FieldMergeMap",
            "sourceFields": [
              "Custom.FieldA",
              "Custom.FieldB"
            ],
            "targetField": "Custom.FieldC",
            "formatExpression": "{0} \n {1}",
            "ApplyTo": [
              "SomeWorkItemType"
            ]
          },
          {
            "FieldMapType": "FieldSkipMap",
            "targetField": null,
            "ApplyTo": []
          },
          {
            "FieldMapType": "FieldToFieldMap",
            "sourceField": "Microsoft.VSTS.Common.BacklogPriority",
            "targetField": "Microsoft.VSTS.Common.StackRank",
            "defaultValue": "42",
            "ApplyTo": [
              "SomeWorkItemType"
            ]
          },
          {
            "FieldMapType": "FieldToFieldMultiMap",
            "SourceToTargetMappings": {
              "SourceField1": "TargetField1",
              "SourceField2": "TargetField2"
            },
            "ApplyTo": [
              "SomeWorkItemType",
              "SomeOtherWorkItemType"
            ]
          },
          {
            "FieldMapType": "FieldToTagFieldMap",
            "sourceField": null,
            "formatExpression": "{0} <br/><br/><h3>Acceptance Criteria</h3>{1}",
            "ApplyTo": [
              "SomeWorkItemType"
            ]
          },
          {
            "FieldMapType": "FieldValueMap",
            "sourceField": "System.State",
            "targetField": "System.State",
            "defaultValue": "StateB",
            "valueMapping": {
              "StateA": "StateB"
            },
            "ApplyTo": [
              "SomeWorkItemType"
            ]
          },
          {
            "FieldMapType": "FieldValueToTagMap",
            "sourceField": "Microsoft.VSTS.CMMI.Blocked",
            "pattern": "Yes",
            "formatExpression": "{0}",
            "ApplyTo": [
              "SomeWorkItemType"
            ]
          },
          {
            "FieldMapType": "MultiValueConditionalMap",
            "sourceFieldsAndValues": {
              "Field1": "Value1",
              "Field2": "Value2"
            },
            "targetFieldsAndValues": {
              "Field1": "Value1",
              "Field2": "Value2"
            },
            "ApplyTo": [
              "SomeWorkItemType"
            ]
          },
          {
            "FieldMapType": "RegexFieldMap",
            "sourceField": "COMPANY.PRODUCT.Release",
            "targetField": "COMPANY.DEVISION.MinorReleaseVersion",
            "pattern": "PRODUCT \\d{4}.(\\d{1})",
            "replacement": "$1",
            "ApplyTo": [
              "SomeWorkItemType"
            ]
          },
          {
            "FieldMapType": "TreeToTagFieldMap",
            "toSkip": 0,
            "timeTravel": 0,
            "ApplyTo": []
          }
        ]
      },
      "StringManipulatorTool": {
        "Enabled": true,
        "MaxStringLength": 1000000,
        "Manipulators": [
          {
            "Enabled": true,
            "Pattern": "[^( -~)\n\r\t]+",
            "Replacement": "",
            "Description": "Remove invalid characters from the end of the string"
          }
        ]
      },
      "WorkItemTypeMappingTool": {
        "Enabled": true,
        "Mappings": {
          "User Story": "Product Backlog Item"
        }
      },
      "TfsAttachmentTool": {
        "Enabled": true,
        "ExportBasePath": "c:\\temp\\WorkItemAttachmentExport",
        "MaxAttachmentSize": 480000000
      },
      "TfsChangeSetMappingTool": {
        "Enabled": true,
        "ChangeSetMappingFile": null
      },
      "TfsEmbededImagesTool": {
        "Enabled": true
      },
      "TfsGitRepositoryTool": {
        "Enabled": true,
        "Mappings": {
          "RepoInSource": "RepoInTarget"
        }
      },
      "TfsNodeStructureTool": {
        "Enabled": true,
        "Areas": {
          "Filters": [
            "*\\Team 1,*\\Team 1\\**"
          ],
          "Mappings": {
            "^7473924d-c47f-4089-8f5c-077c728b576e([\\\\]?.*)$": "MigrationTest5$1",
            "^migrationSource1([\\\\]?.*)$": "MigrationTest5$1",
            "^Skypoint Cloud([\\\\]?.*)$": "MigrationTest5$1"
          }
        },
        "Iterations": {
          "Filters": [
            "*\\Sprint*",
            "*\\Sprint*\\**"
          ],
          "Mappings": {
            "^7473924d-c47f-4089-8f5c-077c728b576e([\\\\]?.*)$": "MigrationTest5$1",
            "^migrationSource1([\\\\]?.*)$": "MigrationTest5$1",
            "^Skypoint Cloud([\\\\]?.*)$": "MigrationTest5$1"
          }
        },
        "ShouldCreateMissingRevisionPaths": true,
        "ReplicateAllExistingNodes": true
      },
      "TfsRevisionManagerTool": {
        "Enabled": true,
        "ReplayRevisions": true,
        "MaxRevisions": 0
      },
      "TfsTeamSettingsTool": {
        "Enabled": true,
        "MigrateTeamSettings": true,
        "UpdateTeamSettings": true,
        "MigrateTeamCapacities": true,
        "Teams": [
          "Team 1",
          "Team 2"
        ]
      },
      "TfsUserMappingTool": {
        "Enabled": true,
        "IdentityFieldsToCheck": [
          "System.AssignedTo",
          "System.ChangedBy",
          "System.CreatedBy",
          "Microsoft.VSTS.Common.ActivatedBy",
          "Microsoft.VSTS.Common.ResolvedBy",
          "Microsoft.VSTS.Common.ClosedBy"
        ],
        "UserMappingFile": "C:\\temp\\userExport.json"
      },
      "TfsValidateRequiredFieldTool": {
        "Enabled": false
      },
      "TfsWorkItemEmbededLinkTool": {
        "Enabled": true
      },
      "TfsWorkItemLinkTool": {
        "Enabled": true,
        "FilterIfLinkCountMatches": true,
        "SaveAfterEachLinkIsAdded": false
      }
    }
  }
}