{
  "Serilog": {
    "MinimumLevel": "Information"
  },
  "MigrationTools": {
    "Version": "16.0",
    "Endpoints": {
      "Source": {
        "EndpointType": "TfsTeamProjectEndpoint",
        "Collection": "https://dev.azure.com/nkdagility-preview/",
        "Project": "migrationSource1",
        "Authentication": {
          "AuthenticationMode": "AccessToken",
          "AccessToken": "jkashdjksahsjkfghsjkdaghvisdhuisvhladvnb"
        }
      },
      "Target": {
        "EndpointType": "TfsTeamProjectEndpoint",
        "Collection": "https://dev.azure.com/nkdagility-preview/",
        "Project": "migrationTest5",

        "Authentication": {
          "AuthenticationMode": "AccessToken",
          "AccessToken": "lkasjioryislaniuhfhklasnhfklahlvlsdvnls"
        },
        "ReflectedWorkItemIdField": "Custom.ReflectedWorkItemId"
      }
    },
    "CommonTools": {},
    "Processors": [
      {
        "ProcessorType": "TfsWorkItemMigrationProcessor",
        "Enabled": true,
        "WIQLQuery": "SELECT [System.Id] FROM WorkItems WHERE [System.TeamProject] = @TeamProject AND [System.WorkItemType] NOT IN ('Test Suite', 'Test Plan','Shared Steps','Shared Parameter','Feedback Request') ORDER BY [System.ChangedDate] desc",
      }
    ]
  }
}