{
  "Serilog": {
    "MinimumLevel": "Information"
  },
  "MigrationTools": {
    "Version": "0.0",
    "Endpoints": {},
    "Processors": [
      {
        "ProcessorType": "WorkItemTrackingProcessor",
        "Enabled": true,
        "ReplayRevisions": true,
        "CollapseRevisions": false,
        "WorkItemCreateRetryLimit": 5,
        "Enrichers": null,
        "SourceName": "Source",
        "TargetName": "Target",
        "RefName": null
      }
    ],
    "CommonTools": {
      "TfsChangeSetMappingTool": {
        "Enabled": true,
        "ChangeSetMappingFile": ""
      },
      "TfsGitRepositoryTool": {
        "Enabled": true,
        "Mappings": null
      },
      "FieldMappingTool": {
        "Enabled": true,
        "FieldMaps": []
      }
    }
  }
}