{
  "Serilog": {
    "MinimumLevel": "Information"
  },
  "MigrationTools": {
    "Version": "0.0",
    "Endpoints": {
      "Source": {
        "EndpointType": "TfsTeamProjectEndpoint",
        "Collection": "https://dev.azure.com/nkdagility-preview/",
        "Project": "myProjectName",
        "Authentication": null,
        "ReflectedWorkItemIdField": "Custom.ReflectedWorkItemId",
        "AllowCrossProjectLinking": false,
        "LanguageMaps": {
          "AreaPath": "Area",
          "IterationPath": "Iteration"
        },
        "EndpointEnrichers": null
      },
      "Target": {
        "EndpointType": "TfsTeamProjectEndpoint",
        "Collection": "https://dev.azure.com/nkdagility-preview/",
        "Project": "myProjectName",
        "Authentication": null,
        "ReflectedWorkItemIdField": "Custom.ReflectedWorkItemId",
        "AllowCrossProjectLinking": false,
        "LanguageMaps": {
          "AreaPath": "Area",
          "IterationPath": "Iteration"
        },
        "EndpointEnrichers": null
      }
    },
    "Processors": [
      {
        "ProcessorType": "TfsWorkItemMigrationProcessor",
        "Enabled": false,
        "UpdateCreatedDate": true,
        "UpdateCreatedBy": true,
        "WIQLQuery": "SELECT [System.Id] FROM WorkItems WHERE [System.TeamProject] = @TeamProject AND [System.WorkItemType] NOT IN ('Test Suite', 'Test Plan','Shared Steps','Shared Parameter','Feedback Request') ORDER BY [System.ChangedDate] desc",
        "FixHtmlAttachmentLinks": false,
        "WorkItemCreateRetryLimit": 5,
        "FilterWorkItemsThatAlreadyExistInTarget": false,
        "PauseAfterEachWorkItem": false,
        "AttachRevisionHistory": false,
        "GenerateMigrationComment": true,
        "WorkItemIDs": null,
        "MaxGracefulFailures": 0,
        "SkipRevisionWithInvalidIterationPath": false,
        "SkipRevisionWithInvalidAreaPath": false,
        "Enrichers": null,
        "SourceName": null,
        "TargetName": null,
        "RefName": null
      },
      {
        "ProcessorType": "TfsTestVariablesMigrationProcessor",
        "Enabled": false,
        "Processor": "TestVariablesMigrationContext",
        "Enrichers": null,
        "SourceName": null,
        "TargetName": null,
        "RefName": null
      },
      {
        "ProcessorType": "TfsTestConfigurationsMigrationProcessor",
        "Enabled": false,
        "Enrichers": null,
        "SourceName": null,
        "TargetName": null,
        "RefName": null
      },
      {
        "ProcessorType": "TfsTestPlansAndSuitesMigrationProcessor",
        "Enabled": false,
        "OnlyElementsWithTag": "",
        "TestPlanQuery": null,
        "RemoveAllLinks": false,
        "MigrationDelay": 0,
        "RemoveInvalidTestSuiteLinks": false,
        "FilterCompleted": false,
        "Enrichers": null,
        "SourceName": null,
        "TargetName": null,
        "RefName": null
      },
      {
        "ProcessorType": "TfsImportProfilePictureProcessor",
        "Enabled": false,
        "Enrichers": null,
        "SourceName": null,
        "TargetName": null,
        "RefName": null
      },
      {
        "ProcessorType": "TfsExportProfilePictureFromADProcessor",
        "Enabled": false,
        "Domain": "",
        "Username": "",
        "Password": "",
        "PictureEmpIDFormat": "",
        "Enrichers": null,
        "SourceName": null,
        "TargetName": null,
        "RefName": null
      },
      {
        "ProcessorType": "TfsWorkItemBulkEditProcessor",
        "Enabled": false,
        "WhatIf": false,
        "WIQLQuery": "SELECT [System.Id] FROM WorkItems WHERE [System.TeamProject] = @TeamProject AND [System.WorkItemType] NOT IN ('Test Suite', 'Test Plan','Shared Steps','Shared Parameter','Feedback Request') ORDER BY [System.ChangedDate] desc",
        "WorkItemIDs": null,
        "FilterWorkItemsThatAlreadyExistInTarget": false,
        "PauseAfterEachWorkItem": false,
        "WorkItemCreateRetryLimit": 0,
        "Enrichers": null,
        "SourceName": null,
        "TargetName": null,
        "RefName": null
      },
      {
        "ProcessorType": "TfsWorkItemOverwriteProcessor",
        "Enabled": false,
        "WorkItemIDs": [
          1,
          2,
          3
        ],
        "WIQLQuery": "SELECT [System.Id] FROM WorkItems WHERE [System.TeamProject] = @TeamProject AND [System.WorkItemType] NOT IN ('Test Suite', 'Test Plan','Shared Steps','Shared Parameter','Feedback Request') ORDER BY [System.ChangedDate] desc",
        "FilterWorkItemsThatAlreadyExistInTarget": false,
        "PauseAfterEachWorkItem": false,
        "WorkItemCreateRetryLimit": 0,
        "Enrichers": null,
        "SourceName": null,
        "TargetName": null,
        "RefName": null
      },
      {
        "ProcessorType": "TfsWorkItemDeleteProcessor",
        "Enabled": false,
        "WIQLQuery": "SELECT [System.Id] FROM WorkItems WHERE [System.TeamProject] = @TeamProject AND [System.WorkItemType] NOT IN ('Test Suite', 'Test Plan','Shared Steps','Shared Parameter','Feedback Request') ORDER BY [System.ChangedDate] desc",
        "WorkItemIDs": null,
        "FilterWorkItemsThatAlreadyExistInTarget": false,
        "PauseAfterEachWorkItem": false,
        "WorkItemCreateRetryLimit": 0,
        "Enrichers": null,
        "SourceName": null,
        "TargetName": null,
        "RefName": null
      },
      {
        "ProcessorType": "TfsSharedQueryProcessor",
        "Enabled": false,
        "PrefixProjectToNodes": false,
        "SharedFolderName": "Shared Queries",
        "SourceToTargetFieldMappings": {
          "SourceFieldRef": "TargetFieldRef"
        },
        "Enrichers": null,
        "SourceName": null,
        "TargetName": null,
        "RefName": null
      },
      {
        "ProcessorType": "TfsTeamSettingsProcessor",
        "Enabled": false,
        "MigrateTeamSettings": false,
        "UpdateTeamSettings": false,
        "PrefixProjectToNodes": false,
        "MigrateTeamCapacities": false,
        "Teams": null,
        "Enrichers": null,
        "SourceName": null,
        "TargetName": null,
        "RefName": null
      }
    ],
    "CommonTools": {
      "TfsChangeSetMappingTool": {
        "Enabled": true,
        "ChangeSetMappingFile": ""
      },
      "TfsGitRepositoryTool": {
        "Enabled": true,
        "Mappings": null
      },
      "FieldMappingTool": {
        "Enabled": true,
        "FieldMaps": [
          {
            "FieldMapType": "MultiValueConditionalMap",
            "sourceFieldsAndValues": {
              "Field1": "Value1",
              "Field2": "Value2"
            },
            "targetFieldsAndValues": {
              "Field1": "Value1",
              "Field2": "Value2"
            },
            "ApplyTo": []
          },
          {
            "FieldMapType": "FieldClearMap",
            "targetField": "TfsMigrationTool.ReflectedWorkItemId",
            "ApplyTo": []
          },
          {
            "FieldMapType": "FieldValueMap",
            "sourceField": "System.State",
            "targetField": "System.State",
            "defaultValue": "New",
            "valueMapping": {
              "Approved": "New",
              "Committed": "Active",
              "Done": "Closed",
              "In Progress": "Active",
              "New": "New",
              "Removed": "Removed",
              "To Do": "New"
            },
            "ApplyTo": []
          },
          {
            "FieldMapType": "FieldToFieldMap",
            "sourceField": "Microsoft.VSTS.Common.BacklogPriority",
            "targetField": "Microsoft.VSTS.Common.StackRank",
            "defaultValue": "",
            "ApplyTo": []
          },
          {
            "FieldMapType": "FieldToFieldMultiMap",
            "SourceToTargetMappings": {
              "SourceField1": "TargetField1",
              "SourceField2": "TargetField2"
            },
            "ApplyTo": []
          },
          {
            "FieldMapType": "FieldToTagFieldMap",
            "sourceField": "System.State",
            "formatExpression": "ScrumState:{0}",
            "ApplyTo": []
          },
          {
            "FieldMapType": "FieldMergeMap",
            "sourceFields": [
              "System.Description",
              "Microsoft.VSTS.Common.AcceptanceCriteria"
            ],
            "targetField": "System.Description",
            "formatExpression": "{0} <br/><br/><h3>Acceptance Criteria</h3>{1}",
            "ApplyTo": []
          },
          {
            "FieldMapType": "RegexFieldMap",
            "sourceField": "COMPANY.PRODUCT.Release",
            "targetField": "COMPANY.DEVISION.MinorReleaseVersion",
            "pattern": "PRODUCT \\d{4}.(\\d{1})",
            "replacement": "$1",
            "ApplyTo": []
          },
          {
            "FieldMapType": "FieldValueToTagMap",
            "sourceField": "Microsoft.VSTS.CMMI.Blocked",
            "pattern": "Yes",
            "formatExpression": "{0}",
            "ApplyTo": []
          },
          {
            "FieldMapType": "TreeToTagFieldMap",
            "toSkip": 3,
            "timeTravel": 1,
            "ApplyTo": []
          }
        ]
      },
      "TfsNodeStructureTool": {
        "Enabled": true,
        "Areas": null,
        "Iterations": null,
        "ShouldCreateMissingRevisionPaths": true,
        "ReplicateAllExistingNodes": true
      },
      "TfsTeamSettingsTool": {
        "Enabled": true,
        "MigrateTeamSettings": true,
        "UpdateTeamSettings": true,
        "MigrateTeamCapacities": true,
        "Teams": null
      },
      "TfsWorkItemLinkTool": {
        "Enabled": true,
        "FilterIfLinkCountMatches": true,
        "SaveAfterEachLinkIsAdded": false
      },
      "TfsRevisionManagerTool": {
        "Enabled": true,
        "ReplayRevisions": true,
        "MaxRevisions": 0
      },
      "TfsAttachmentTool": {
        "Enabled": true,
        "ExportBasePath": "c:\\temp\\WorkItemAttachmentExport",
        "MaxAttachmentSize": 480000000
      },
      "StringManipulatorTool": {
        "Enabled": true,
        "MaxStringLength": 1000000,
        "Manipulators": [
          {
            "Enabled": true,
            "Pattern": "[^( -~)\n\r\t]+",
            "Replacement": "",
            "Description": "Remove invalid characters from the end of the string"
          }
        ]
      },
      "TfsUserMappingTool": {
        "Enabled": true,
        "IdentityFieldsToCheck": [
          "System.AssignedTo",
          "System.ChangedBy",
          "System.CreatedBy",
          "Microsoft.VSTS.Common.ActivatedBy",
          "Microsoft.VSTS.Common.ResolvedBy",
          "Microsoft.VSTS.Common.ClosedBy"
        ],
        "UserMappingFile": "C:\\temp\\userExport.json"
      }
    }
  }
}