{
  "Serilog": {
    "MinimumLevel": "Information"
  },
  "MigrationTools": {
    "Version": "0.0",
    "Endpoints": {
      "Source": {
        "EndpointType": "AzureDevOpsEndpoint",
        "AuthenticationMode": "AccessToken",
        "AccessToken": "xxxxx",
        "Organisation": "https://dev.azure.com/xxxx",
        "Project": "SAM",
        "ReflectedWorkItemIdField": null,
        "EndpointEnrichers": null
      },
      "Target": {
        "EndpointType": "AzureDevOpsEndpoint",
        "AuthenticationMode": "AccessToken",
        "AccessToken": "xxxx",
        "Organisation": "https://dev.azure.com/xxxx",
        "Project": "SAM",
        "ReflectedWorkItemIdField": null,
        "EndpointEnrichers": null
      }
    },
    "Processors": [
      {
        "ProcessorType": "ProcessDefinitionProcessor",
        "Enabled": true,
        "Processes": {
          "Agile SAM - Migration Template": [
            "User Story"
          ]
        },
        "ProcessMaps": {
          "Agile SAM - Migration Template": "SAM Agile Migrator"
        },
        "UpdateProcessDetails": true,
        "MaxDegreeOfParallelism": 0,
        "Enrichers": null,
        "SourceName": "Source",
        "TargetName": "Target",
        "RefName": null
      }
    ],
    "CommonTools": {
      "TfsChangeSetMappingTool": {
        "Enabled": true,
        "ChangeSetMappingFile": ""
      },
      "TfsGitRepositoryTool": {
        "Enabled": true,
        "Mappings": null
      },
      "FieldMappingTool": {
        "Enabled": true,
        "FieldMaps": []
      }
    }
  }
}